{"cameraMode":{"drawMode":0,"name":"Shaded","section":"Shading Mode"},"sceneLighting":false,"audioPlay":false,"sceneViewState":{"showFog":true,"showMaterialUpdate":false,"showSkybox":true,"showFlares":true,"showImageEffects":true,"showParticleSystems":true},"in2DMode":false,"pivot":{"x":0.8477628231048584,"y":2.595229148864746,"z":1.4080066680908204},"rotation":{"x":0.007436238694936037,"y":0.14265288412570954,"z":-0.0010727036278694869,"w":0.9897443056106567},"size":22.0,"orthographic":false}