{"cameraMode":{"drawMode":0,"name":"Shaded","section":"Shading Mode"},"sceneLighting":true,"audioPlay":false,"sceneViewState":{"showFog":false,"showMaterialUpdate":false,"showSkybox":false,"showFlares":false,"showImageEffects":false,"showParticleSystems":false},"in2DMode":false,"pivot":{"x":-22.528366088867189,"y":87.27534484863281,"z":8.34394645690918},"rotation":{"x":-0.4024133086204529,"y":0.354718416929245,"z":-0.17279966175556184,"w":-0.8260682225227356},"size":49.66950607299805,"orthographic":false}