{"cameraMode":{"drawMode":0,"name":"Shaded","section":"Shading Mode"},"sceneLighting":true,"audioPlay":false,"sceneViewState":{"showFog":false,"showMaterialUpdate":false,"showSkybox":false,"showFlares":false,"showImageEffects":false,"showParticleSystems":false},"in2DMode":false,"pivot":{"x":-15.26662826538086,"y":104.3564453125,"z":-16.882495880126954},"rotation":{"x":-0.12686923146247865,"y":-0.008311447687447071,"z":0.0011126043973490596,"w":-0.9919604063034058},"size":5.713948726654053,"orthographic":false}