{"cameraMode":{"drawMode":0,"name":"Shaded","section":"Shading Mode"},"sceneLighting":true,"audioPlay":false,"sceneViewState":{"showFog":false,"showMaterialUpdate":false,"showSkybox":false,"showFlares":false,"showImageEffects":false,"showParticleSystems":false},"in2DMode":false,"pivot":{"x":-46.49401092529297,"y":87.0652847290039,"z":-19.258813858032228},"rotation":{"x":-0.18559767305850984,"y":0.7051184177398682,"z":-0.1999450922012329,"w":-0.6545184254646301},"size":46.169456481933597,"orthographic":false}