{"cameraMode":{"drawMode":0,"name":"Shaded","section":"Shading Mode"},"sceneLighting":true,"audioPlay":false,"sceneViewState":{"showFog":false,"showMaterialUpdate":false,"showSkybox":false,"showFlares":false,"showImageEffects":false,"showParticleSystems":false},"in2DMode":false,"pivot":{"x":-27.20900535583496,"y":91.75989532470703,"z":9.1121826171875},"rotation":{"x":-0.31879058480262759,"y":0.5201919078826904,"z":-0.21767418086528779,"w":-0.7618372440338135},"size":50.27729797363281,"orthographic":false}