{"cameraMode":{"drawMode":0,"name":"Shaded","section":"Shading Mode"},"sceneLighting":true,"audioPlay":false,"sceneViewState":{"showFog":false,"showMaterialUpdate":false,"showSkybox":false,"showFlares":false,"showImageEffects":false,"showParticleSystems":false},"in2DMode":false,"pivot":{"x":-106.53341674804688,"y":64.29985046386719,"z":-64.38939666748047},"rotation":{"x":-0.12221186608076096,"y":0.8418550491333008,"z":-0.21434181928634644,"w":-0.4800027310848236},"size":161.34559631347657,"orthographic":false}