{"cameraMode":{"drawMode":0,"name":"Shaded","section":"Shading Mode"},"sceneLighting":true,"audioPlay":false,"sceneViewState":{"showFog":false,"showMaterialUpdate":false,"showSkybox":false,"showFlares":false,"showImageEffects":false,"showParticleSystems":false},"in2DMode":false,"pivot":{"x":-19.73564910888672,"y":116.692138671875,"z":-19.952207565307618},"rotation":{"x":0.4942367374897003,"y":0.1181676834821701,"z":-0.06809651851654053,"w":0.8586190342903137},"size":10.079764366149903,"orthographic":false}