{"cameraMode":{"drawMode":0,"name":"Shaded","section":"Shading Mode"},"sceneLighting":true,"audioPlay":false,"sceneViewState":{"showFog":false,"showMaterialUpdate":false,"showSkybox":false,"showFlares":false,"showImageEffects":false,"showParticleSystems":false},"in2DMode":false,"pivot":{"x":-38.600852966308597,"y":56.673702239990237,"z":-1.510193943977356},"rotation":{"x":-0.43151894211769106,"y":0.42880719900131228,"z":-0.2451254278421402,"w":-0.7548719048500061},"size":71.25738525390625,"orthographic":false}