{"cameraMode":{"drawMode":0,"name":"Shaded","section":"Shading Mode"},"sceneLighting":true,"audioPlay":false,"sceneViewState":{"showFog":false,"showMaterialUpdate":false,"showSkybox":false,"showFlares":false,"showImageEffects":false,"showParticleSystems":false},"in2DMode":false,"pivot":{"x":-110.71001434326172,"y":97.10621643066406,"z":-61.3527717590332},"rotation":{"x":0.5312995910644531,"y":0.05225777253508568,"z":-0.032929062843322757,"w":0.8449856042861939},"size":24.6473331451416,"orthographic":false}