{"cameraMode":{"drawMode":0,"name":"Shaded","section":"Shading Mode"},"sceneLighting":true,"audioPlay":false,"sceneViewState":{"showFog":false,"showMaterialUpdate":false,"showSkybox":false,"showFlares":false,"showImageEffects":false,"showParticleSystems":false},"in2DMode":false,"pivot":{"x":-21.21893310546875,"y":123.06060791015625,"z":-3.965491771697998},"rotation":{"x":0.5518128871917725,"y":0.08864670991897583,"z":-0.05921739712357521,"w":0.8271848559379578},"size":19.683286666870118,"orthographic":false}