{"cameraMode":{"drawMode":0,"name":"Shaded","section":"Shading Mode"},"sceneLighting":true,"audioPlay":false,"sceneViewState":{"showFog":false,"showMaterialUpdate":false,"showSkybox":false,"showFlares":false,"showImageEffects":false,"showParticleSystems":false},"in2DMode":false,"pivot":{"x":-22.528366088867189,"y":87.27534484863281,"z":8.34394645690918},"rotation":{"x":-0.2818926274776459,"y":0.630222737789154,"z":-0.2637169361114502,"w":-0.6736602187156677},"size":49.66950607299805,"orthographic":false}