{"cameraMode":{"drawMode":0,"name":"Shaded","section":"Shading Mode"},"sceneLighting":true,"audioPlay":false,"sceneViewState":{"showFog":false,"showMaterialUpdate":false,"showSkybox":false,"showFlares":false,"showImageEffects":false,"showParticleSystems":false},"in2DMode":false,"pivot":{"x":-20.52495002746582,"y":100.27430725097656,"z":-10.844120979309082},"rotation":{"x":0.3738396465778351,"y":-0.2794713079929352,"z":0.11925098299980164,"w":0.8763928413391113},"size":34.194087982177737,"orthographic":false}