{"cameraMode":{"drawMode":0,"name":"Shaded","section":"Shading Mode"},"sceneLighting":true,"audioPlay":false,"sceneViewState":{"showFog":true,"showMaterialUpdate":false,"showSkybox":true,"showFlares":true,"showImageEffects":true,"showParticleSystems":true},"in2DMode":false,"pivot":{"x":-12.079999923706055,"y":105.16999816894531,"z":-25.899999618530275},"rotation":{"x":0.29506754875183108,"y":-0.11604811996221543,"z":0.03614092990756035,"w":0.9478006958961487},"size":19.701391220092775,"orthographic":false}