{"cameraMode":{"drawMode":0,"name":"Shaded","section":"Shading Mode"},"sceneLighting":true,"audioPlay":false,"sceneViewState":{"showFog":true,"showMaterialUpdate":false,"showSkybox":true,"showFlares":true,"showImageEffects":true,"showParticleSystems":true},"in2DMode":false,"pivot":{"x":-12.079999923706055,"y":105.16999816894531,"z":-25.899999618530275},"rotation":{"x":-0.007832569070160389,"y":-0.9750655293464661,"z":0.03483274206519127,"w":-0.21917995810508729},"size":6.550242900848389,"orthographic":false}